3734263156,0,0,0,0,0,0,0,0,0,0,0,0,1
6848821366,0,0,0,0,0,0,0,0,0,0,0,0,1
1023857198,0,0,0,0,0,0,0,0,0,0,0,0,1
5416836663,0,0,0,0,0,0,0,0,0,0,0,0,1
6565732527,0,0,0,0,0,0,0,0,0,0,0,0,1
1798325469,0,0,0,0,0,0,0,0,0,0,0,0,1
5815908805,0,0,0,0,0,0,0,0,0,0,0,0,1
3128176157,0,0,0,0,0,0,0,0,0,0,0,0,1
6017542325,0,0,0,0,0,0,0,0,0,0,0,0,1
4815279174,0,0,0,0,0,0,0,0,0,0,0,0,1
7077155260,0,0,0,0,0,0,0,0,0,0,0,0,1
6122779839,0,0,0,0,0,0,0,0,0,0,0,0,1
5845368493,0,0,0,0,0,0,0,0,0,0,0,0,1
2013723118,0,0,0,0,0,0,0,0,0,0,0,0,1
5501521551,0,0,0,0,0,0,0,0,0,0,0,0,1
5185236848,0,0,0,0,0,0,0,0,0,0,0,0,1
4359738460,0,0,0,0,0,0,0,0,0,0,0,0,1
5053039386,0,0,0,0,0,0,0,0,0,0,0,0,1
1258802516,0,0,0,0,0,0,0,0,0,0,0,0,1
1562062045,0,0,0,0,0,0,0,0,0,0,0,0,1
4084718288,0,0,0,0,0,0,0,0,0,0,0,0,1
8890345878,0,0,0,0,0,0,0,0,0,0,0,0,1
2387194141,0,0,0,0,0,0,0,0,0,0,0,0,1
1525612957,0,0,0,0,0,0,0,0,0,0,0,0,1
6148789952,0,0,0,0,0,0,0,0,0,0,0,0,1
1038718234,0,0,0,0,0,0,0,0,0,0,0,0,1
1243628284,0,0,0,0,0,0,0,0,0,0,0,0,1
3044810984,0,0,0,0,0,0,0,0,0,0,0,0,1
1385112278,0,0,0,0,0,0,0,0,0,0,0,0,1
2280985173,0,0,0,0,0,0,0,0,0,0,0,0,1
6017634127,0,0,0,0,0,0,0,0,0,0,0,0,1
1765092462,0,0,0,0,0,0,0,0,0,0,0,0,1
6844956895,0,0,0,0,0,0,0,0,0,0,0,0,1
2416448262,0,0,0,0,0,0,0,0,0,0,0,0,1
5406586400,0,0,0,0,0,0,0,0,0,0,0,0,1
8436551809,0,0,0,0,0,0,0,0,0,0,0,0,1
2426039415,0,0,0,0,0,0,0,0,0,0,0,0,1
4446005310,0,0,0,0,0,0,0,0,0,0,0,0,1
6020415509,0,0,0,0,0,0,0,0,0,0,0,0,1
7452896838,0,0,0,0,0,0,0,0,0,0,0,0,1
3204294074,0,0,0,0,0,0,0,0,0,0,0,0,1
5864557552,0,0,0,0,0,0,0,0,0,0,0,0,1
3184243920,0,0,0,0,0,0,0,0,0,0,0,0,1
5802996898,0,0,0,0,0,0,0,0,0,0,0,0,1
4770032965,0,0,0,0,0,0,0,0,0,0,0,0,1
5663669513,0,0,0,0,0,0,0,0,0,0,0,0,1
5212804697,0,0,0,0,0,0,0,0,0,0,0,0,1
1773852311,0,0,0,0,0,0,0,0,0,0,0,0,1
4417947527,0,0,0,0,0,0,0,0,0,0,0,0,1
4053662265,0,0,0,0,0,0,0,0,0,0,0,0,1
7683304454,0,0,0,0,0,0,0,0,0,0,0,0,1
3438918954,0,0,0,0,0,0,0,0,0,0,0,0,1
7727887824,0,0,0,0,0,0,0,0,0,0,0,0,1
4668592305,0,0,0,0,0,0,0,0,0,0,0,0,1
6202922684,0,0,0,0,0,0,0,0,0,0,0,0,1
4137001783,0,0,0,0,0,0,0,0,0,0,0,0,1
3296487921,0,0,0,0,0,0,0,0,0,0,0,0,1
8758687736,0,0,0,0,0,0,0,0,0,0,0,0,1
8858485266,0,0,0,0,0,0,0,0,0,0,0,0,1
2945290639,0,0,0,0,0,0,0,0,0,0,0,0,1
5631818560,0,0,0,0,0,0,0,0,0,0,0,0,1
3287408477,0,0,0,0,0,0,0,0,0,0,0,0,1
4732529597,0,0,0,0,0,0,0,0,0,0,0,0,1
5123398158,0,0,0,0,0,0,0,0,0,0,0,0,1
8385944948,0,0,0,0,0,0,0,0,0,0,0,0,1
7055589419,0,0,0,0,0,0,0,0,0,0,0,0,1
1278667667,0,0,0,0,0,0,0,0,0,0,0,0,1
8283240441,0,0,0,0,0,0,0,0,0,0,0,0,1
2524162199,0,0,0,0,0,0,0,0,0,0,0,0,1
3065129312,0,0,0,0,0,0,0,0,0,0,0,0,1
2889248563,0,0,0,0,0,0,0,0,0,0,0,0,1
4034516430,0,0,0,0,0,0,0,0,0,0,0,0,1
5590421601,0,0,0,0,0,0,0,0,0,0,0,0,1
3165189980,0,0,0,0,0,0,0,0,0,0,0,0,1
8404741486,0,0,0,0,0,0,0,0,0,0,0,0,1
8845217730,0,0,0,0,0,0,0,0,0,0,0,0,1
5406652720,0,0,0,0,0,0,0,0,0,0,0,0,1
6183897738,0,0,0,0,0,0,0,0,0,0,0,0,1
8398006859,0,0,0,0,0,0,0,0,0,0,0,0,1
2396328334,0,0,0,0,0,0,0,0,0,0,0,0,1
6547441151,0,0,0,0,0,0,0,0,1,0,0,0,0
4000056004,0,0,0,0,0,0,0,0,1,0,0,0,0
3640700975,0,0,0,0,0,0,0,0,1,0,0,0,0
3940018847,0,0,0,0,0,0,0,0,1,0,0,0,0
5073501254,0,0,0,0,0,0,0,0,1,0,0,0,0
1567018434,0,0,0,0,0,0,0,0,1,0,0,0,0
5898567304,0,0,0,0,0,0,0,0,1,0,0,0,0
3727443659,0,0,0,0,0,0,0,0,1,0,0,0,0
4413200516,0,0,0,0,0,0,0,0,1,0,0,0,0
7784563969,0,0,0,0,0,0,0,0,1,0,0,0,0
4792390460,0,0,0,0,0,0,0,0,1,0,0,0,0
8159806599,0,0,0,0,0,0,0,0,1,0,0,0,0
8798430986,0,0,0,0,0,0,0,0,1,0,0,0,0
6615834202,0,0,0,0,0,0,0,0,1,0,0,0,0
4588765131,0,0,0,0,0,0,0,0,1,0,0,0,0
4001555824,0,0,0,0,0,0,0,0,1,0,0,0,0
3655697991,0,0,0,0,0,0,0,0,1,0,0,0,0
2033850379,0,0,0,0,0,0,0,0,1,0,0,0,0
8612105700,0,0,0,0,0,0,0,0,1,0,0,0,0
2137174105,0,0,0,0,0,0,0,0,1,0,0,0,0
1639393129,0,0,0,0,0,0,0,0,1,0,0,0,0
3811983265,0,0,0,0,0,0,0,0,1,0,0,0,0
5880520168,0,0,0,0,0,0,0,0,1,0,0,0,0
3962144000,0,0,0,0,0,0,0,0,1,0,0,0,0
2396887292,0,0,0,0,0,0,0,0,1,0,0,0,0
1018539504,0,0,0,0,0,0,0,0,1,0,0,0,0
8637316458,0,0,0,0,0,0,0,0,1,0,0,0,0
8004224564,0,0,0,0,0,0,0,0,1,0,0,0,0
5178058635,0,0,0,0,0,0,0,0,1,0,0,0,0
6986345529,0,0,0,0,0,0,0,0,1,0,0,0,0
7587906586,0,0,0,0,0,0,0,0,1,0,0,0,0
2337500210,0,0,0,0,0,0,0,0,1,0,0,0,0
5631607208,0,0,0,0,0,0,0,0,1,0,0,0,0
4122918924,0,0,0,0,0,0,0,0,1,0,0,0,0
7903328315,0,0,0,0,0,0,0,0,1,0,0,0,0
2558582746,0,0,0,0,0,0,0,0,1,0,0,0,0
6819939369,0,0,0,0,0,0,0,0,1,0,0,0,0
7416613968,0,0,0,0,0,0,0,0,1,0,0,0,0
3289528067,0,0,0,0,0,0,0,0,1,0,0,0,0
8316566415,0,0,0,0,0,0,0,0,1,0,0,0,0
8545952699,0,0,0,0,0,0,0,0,1,0,0,0,0
6714792480,0,0,0,0,0,0,0,0,1,0,0,0,0
4691070848,0,0,0,0,0,0,0,0,1,0,0,0,0
7526786540,0,0,0,0,0,0,0,0,1,0,0,0,0
1729924390,0,0,0,0,0,0,0,0,1,0,0,0,0
2607344745,0,0,0,0,0,0,0,0,1,0,0,0,0
2560591137,0,0,0,0,0,0,0,0,1,0,0,0,0
2160567054,0,0,0,0,0,0,0,0,1,0,0,0,0
8223924757,0,0,0,0,0,0,0,0,1,0,0,0,0
2774496524,0,0,0,0,0,0,0,0,1,0,0,0,0
3911221481,0,0,0,0,0,0,0,0,1,0,0,0,0
1620073035,0,0,0,0,0,0,0,0,1,0,0,0,0
7899888531,0,0,0,0,0,0,0,0,1,0,0,0,0
7115213658,0,0,0,0,0,0,0,0,1,0,0,0,0
5458660110,0,0,0,0,0,0,0,0,1,0,0,0,0
5260791618,0,0,0,0,0,0,0,0,1,0,0,0,0
7987627450,0,0,0,0,0,0,0,0,1,0,0,0,0
6576827734,0,0,0,0,0,0,0,0,1,0,0,0,0
1956411922,0,0,0,0,0,0,0,0,1,0,0,0,0
2023540203,0,0,0,0,0,0,0,0,1,0,0,0,0
8142283041,0,0,0,0,0,0,0,0,1,0,0,0,0
7962191957,0,0,0,0,0,0,0,0,1,0,0,0,0
1465078652,0,0,0,0,0,0,0,0,1,0,0,0,0
2918551244,0,0,0,0,0,0,0,0,1,0,0,0,0
5097818158,0,0,0,0,0,0,0,0,1,0,0,0,0
6630920590,0,0,0,0,0,0,0,0,1,0,0,0,0
1350731720,0,0,0,0,0,0,0,0,1,0,0,0,0
3428083959,0,0,0,0,0,0,0,0,1,0,0,0,0
6282391272,0,0,0,0,0,0,0,0,1,0,0,0,0
7866672183,0,0,0,0,0,0,0,0,1,0,0,0,0
5580186095,0,0,0,0,0,0,0,0,1,0,0,0,0
3021540350,0,0,0,0,0,0,0,0,1,0,0,0,0
6228546343,0,0,0,0,0,0,0,0,1,0,0,0,0
8699313812,0,0,0,0,0,0,0,0,1,0,0,0,0
7350617163,0,0,0,0,0,0,0,0,1,0,0,0,0
7511020640,0,0,0,0,0,0,0,0,1,0,0,0,0
6631188586,0,0,0,0,0,0,0,0,1,0,0,0,0
2451170223,0,0,0,0,0,0,0,0,1,0,0,0,0
4722119193,0,0,0,0,0,0,0,0,1,0,0,0,0
4505529395,0,0,0,0,0,0,0,0,1,0,0,0,0
2938616446,0,0,0,0,0,0,0,0,1,0,0,0,0
1285341227,0,1,0,0,0,0,0,0,0,0,0,0,0
1767759742,0,1,0,0,0,0,0,0,0,0,0,0,0
8851056396,0,1,0,0,0,0,0,0,0,0,0,0,0
7960152945,0,1,0,0,0,0,0,0,0,0,0,0,0
1655668110,0,1,0,0,0,0,0,0,0,0,0,0,0
2038864943,0,1,0,0,0,0,0,0,0,0,0,0,0
4063048657,0,1,0,0,0,0,0,0,0,0,0,0,0
3200753016,0,1,0,0,0,0,0,0,0,0,0,0,0
1719690584,0,1,0,0,0,0,0,0,0,0,0,0,0
2100251670,0,1,0,0,0,0,0,0,0,0,0,0,0
1636491600,0,1,0,0,0,0,0,0,0,0,0,0,0
3734777336,0,1,0,0,0,0,0,0,0,0,0,0,0
6904518551,0,1,0,0,0,0,0,0,0,0,0,0,0
2317338967,0,1,0,0,0,0,0,0,0,0,0,0,0
6090923556,0,1,0,0,0,0,0,0,0,0,0,0,0
1948890650,0,1,0,0,0,0,0,0,0,0,0,0,0
2851381833,0,1,0,0,0,0,0,0,0,0,0,0,0
4323252427,0,1,0,0,0,0,0,0,0,0,0,0,0
4756115478,0,1,0,0,0,0,0,0,0,0,0,0,0
6851230067,0,1,0,0,0,0,0,0,0,0,0,0,0
1230803291,0,1,0,0,0,0,0,0,0,0,0,0,0
8382395150,0,1,0,0,0,0,0,0,0,0,0,0,0
7898632252,0,1,0,0,0,0,0,0,0,0,0,0,0
4999239358,0,1,0,0,0,0,0,0,0,0,0,0,0
3037784881,0,1,0,0,0,0,0,0,0,0,0,0,0
7057146749,0,1,0,0,0,0,0,0,0,0,0,0,0
1508523393,0,1,0,0,0,0,0,0,0,0,0,0,0
6944504108,0,1,0,0,0,0,0,0,0,0,0,0,0
8247539011,0,1,0,0,0,0,0,0,0,0,0,0,0
8330423489,0,1,0,0,0,0,0,0,0,0,0,0,0
4943885700,0,1,0,0,0,0,0,0,0,0,0,0,0
7361537369,0,1,0,0,0,0,0,0,0,0,0,0,0
6844515219,0,1,0,0,0,0,0,0,0,0,0,0,0
8365592187,0,1,0,0,0,0,0,0,0,0,0,0,0
1131493857,0,1,0,0,0,0,0,0,0,0,0,0,0
8504742486,0,1,0,0,0,0,0,0,0,0,0,0,0
2099129590,0,1,0,0,0,0,0,0,0,0,0,0,0
8774713974,0,1,0,0,0,0,0,0,0,0,0,0,0
8113459023,0,1,0,0,0,0,0,0,0,0,0,0,0
6738773490,0,1,0,0,0,0,0,0,0,0,0,0,0
6848742939,0,1,0,0,0,0,0,0,0,0,0,0,0
7346637280,0,1,0,0,0,0,0,0,0,0,0,0,0
2829900769,0,1,0,0,0,0,0,0,0,0,0,0,0
5436225771,0,1,0,0,0,0,0,0,0,0,0,0,0
2237110031,0,1,0,0,0,0,0,0,0,0,0,0,0
6977469736,0,1,0,0,0,0,0,0,0,0,0,0,0
4815963001,0,1,0,0,0,0,0,0,0,0,0,0,0
8132485994,0,1,0,0,0,0,0,0,0,0,0,0,0
6306826189,0,1,0,0,0,0,0,0,0,0,0,0,0
7642544180,0,1,0,0,0,0,0,0,0,0,0,0,0
8945731568,0,1,0,0,0,0,0,0,0,0,0,0,0
2277407904,0,1,0,0,0,0,0,0,0,0,0,0,0
6298032193,0,1,0,0,0,0,0,0,0,0,0,0,0
4773232850,0,1,0,0,0,0,0,0,0,0,0,0,0
6829994113,0,1,0,0,0,0,0,0,0,0,0,0,0
1436963116,0,1,0,0,0,0,0,0,0,0,0,0,0
5360083349,0,1,0,0,0,0,0,0,0,0,0,0,0
3997119222,0,1,0,0,0,0,0,0,0,0,0,0,0
5792629463,0,1,0,0,0,0,0,0,0,0,0,0,0
2556772506,0,1,0,0,0,0,0,0,0,0,0,0,0
6484965301,0,1,0,0,0,0,0,0,0,0,0,0,0
2929151385,0,1,0,0,0,0,0,0,0,0,0,0,0
7584882105,0,1,0,0,0,0,0,0,0,0,0,0,0
7772861746,0,1,0,0,0,0,0,0,0,0,0,0,0
4882197908,0,1,0,0,0,0,0,0,0,0,0,0,0
7534856463,0,1,0,0,0,0,0,0,0,0,0,0,0
4703390710,0,1,0,0,0,0,0,0,0,0,0,0,0
3702710350,0,1,0,0,0,0,0,0,0,0,0,0,0
1113205265,0,1,0,0,0,0,0,0,0,0,0,0,0
4547733786,0,1,0,0,0,0,0,0,0,0,0,0,0
3618516962,0,1,0,0,0,0,0,0,0,0,0,0,0
4652700591,0,1,0,0,0,0,0,0,0,0,0,0,0
3020824500,0,1,0,0,0,0,0,0,0,0,0,0,0
7356763768,0,1,0,0,0,0,0,0,0,0,0,0,0
4995237652,0,1,0,0,0,0,0,0,0,0,0,0,0
3488423819,0,1,0,0,0,0,0,0,0,0,0,0,0
4039144575,0,1,0,0,0,0,0,0,0,0,0,0,0
7938196166,0,1,0,0,0,0,0,0,0,0,0,0,0
8965730087,0,1,0,0,0,0,0,0,0,0,0,0,0
6392993082,0,1,0,0,0,0,0,0,0,0,0,0,0
3152934474,0,1,0,0,0,0,0,0,0,0,0,0,0
4116454518,0,0,0,0,0,0,0,0,0,1,0,0,0
5102904567,0,0,0,0,0,0,0,0,0,1,0,0,0
6251710316,0,0,0,0,0,0,0,0,0,1,0,0,0
7169004950,0,0,0,0,0,0,0,0,0,1,0,0,0
8011331079,0,0,0,0,0,0,0,0,0,1,0,0,0
3406475030,0,0,0,0,0,0,0,0,0,1,0,0,0
8601211220,0,0,0,0,0,0,0,0,0,1,0,0,0
4721437858,0,0,0,0,0,0,0,0,0,1,0,0,0
1577671260,0,0,0,0,0,0,0,0,0,1,0,0,0
4568181550,0,0,0,0,0,0,0,0,0,1,0,0,0
2556992995,0,0,0,0,0,0,0,0,0,1,0,0,0
2973459952,0,0,0,0,0,0,0,0,0,1,0,0,0
1794604789,0,0,0,0,0,0,0,0,0,1,0,0,0
6068210236,0,0,0,0,0,0,0,0,0,1,0,0,0
4474244813,0,0,0,0,0,0,0,0,0,1,0,0,0
6039619272,0,0,0,0,0,0,0,0,0,1,0,0,0
8302536720,0,0,0,0,0,0,0,0,0,1,0,0,0
5829568828,0,0,0,0,0,0,0,0,0,1,0,0,0
4940931035,0,0,0,0,0,0,0,0,0,1,0,0,0
8801424887,0,0,0,0,0,0,0,0,0,1,0,0,0
3199776336,0,0,0,0,0,0,0,0,0,1,0,0,0
2160695977,0,0,0,0,0,0,0,0,0,1,0,0,0
5443022857,0,0,0,0,0,0,0,0,0,1,0,0,0
3478681283,0,0,0,0,0,0,0,0,0,1,0,0,0
1489849678,0,0,0,0,0,0,0,0,0,1,0,0,0
1606829301,0,0,0,0,0,0,0,0,0,1,0,0,0
6970086907,0,0,0,0,0,0,0,0,0,1,0,0,0
6529753436,0,0,0,0,0,0,0,0,0,1,0,0,0
1331662372,0,0,0,0,0,0,0,0,0,1,0,0,0
2556390747,0,0,0,0,0,0,0,0,0,1,0,0,0
8910942458,0,0,0,0,0,0,0,0,0,1,0,0,0
1755960308,0,0,0,0,0,0,0,0,0,1,0,0,0
1349498117,0,0,0,0,0,0,0,0,0,1,0,0,0
2718752214,0,0,0,0,0,0,0,0,0,1,0,0,0
6060049333,0,0,0,0,0,0,0,0,0,1,0,0,0
2918044946,0,0,0,0,0,0,0,0,0,1,0,0,0
2879563011,0,0,0,0,0,0,0,0,0,1,0,0,0
5876689831,0,0,0,0,0,0,0,0,0,1,0,0,0
3661941697,0,0,0,0,0,0,0,0,0,1,0,0,0
7237365849,0,0,0,0,0,0,0,0,0,1,0,0,0
3679463127,0,0,0,0,0,0,0,0,0,1,0,0,0
1751400273,0,0,0,0,0,0,0,0,0,1,0,0,0
4199825183,0,0,0,0,0,0,0,0,0,1,0,0,0
5317038252,0,0,0,0,0,0,0,0,0,1,0,0,0
1094852970,0,0,0,0,0,0,0,0,0,1,0,0,0
7012071964,0,0,0,0,0,0,0,0,0,1,0,0,0
7223670830,0,0,0,0,0,0,0,0,0,1,0,0,0
3379199612,0,0,0,0,0,0,0,0,0,1,0,0,0
7592997177,0,0,0,0,0,0,0,0,0,1,0,0,0
6620554197,0,0,0,0,0,0,0,0,0,1,0,0,0
2097912656,0,0,0,0,0,0,0,0,0,1,0,0,0
4357437939,0,0,0,0,0,0,0,0,0,1,0,0,0
2794724331,0,0,0,0,0,0,0,0,0,1,0,0,0
1805326908,0,0,0,0,0,0,0,0,0,1,0,0,0
1402628949,0,0,0,0,0,0,0,0,0,1,0,0,0
6920052723,0,0,0,0,0,0,0,0,0,1,0,0,0
1654304946,0,0,0,0,0,0,0,0,0,1,0,0,0
6864723237,0,0,0,0,0,0,0,0,0,1,0,0,0
5339603475,0,0,0,0,0,0,0,0,0,1,0,0,0
4069427494,0,0,0,0,0,0,0,0,0,1,0,0,0
6680655809,0,0,0,0,0,0,0,0,0,1,0,0,0
8771114183,0,0,0,0,0,0,0,0,0,1,0,0,0
2542797350,0,0,0,0,0,0,0,0,0,1,0,0,0
1236776325,0,0,0,0,0,0,0,0,0,1,0,0,0
4331446974,0,0,0,0,0,0,0,0,0,1,0,0,0
3713497275,0,0,0,0,0,0,0,0,0,1,0,0,0
2049398366,0,0,0,0,0,0,0,0,0,1,0,0,0
7703664137,0,0,0,0,0,0,0,0,0,1,0,0,0
2511057270,0,0,0,0,0,0,0,0,0,1,0,0,0
5717120294,0,0,0,0,0,0,0,0,0,1,0,0,0
2883472243,0,0,0,0,0,0,0,0,0,1,0,0,0
8611359718,0,0,0,0,0,0,0,0,0,1,0,0,0
4692997749,0,0,0,0,0,0,0,0,0,1,0,0,0
2355281021,0,0,0,0,0,0,0,0,0,1,0,0,0
2236487114,0,0,0,0,0,0,0,0,0,1,0,0,0
4867748320,0,0,0,0,0,0,0,0,0,1,0,0,0
2924735230,0,0,0,0,0,0,0,0,0,1,0,0,0
4836641644,0,0,0,0,0,0,0,0,0,1,0,0,0
6653462776,0,0,0,0,0,0,0,0,0,1,0,0,0
1675830712,0,0,0,0,0,0,0,0,0,1,0,0,0
7108592293,0,0,0,0,0,0,0,0,0,1,0,0,0
7135427445,0,0,0,1,0,0,0,0,0,0,0,0,0
4143320521,0,0,0,1,0,0,0,0,0,0,0,0,0
1845824146,0,0,0,1,0,0,0,0,0,0,0,0,0
8303697180,0,0,0,1,0,0,0,0,0,0,0,0,0
8067826707,0,0,0,1,0,0,0,0,0,0,0,0,0
1785874201,0,0,0,1,0,0,0,0,0,0,0,0,0
6505922829,0,0,0,1,0,0,0,0,0,0,0,0,0
1225836886,0,0,0,1,0,0,0,0,0,0,0,0,0
7051509324,0,0,0,1,0,0,0,0,0,0,0,0,0
8058504078,0,0,0,1,0,0,0,0,0,0,0,0,0
6130510728,0,0,0,1,0,0,0,0,0,0,0,0,0
1399857908,0,0,0,1,0,0,0,0,0,0,0,0,0
7400931489,0,0,0,1,0,0,0,0,0,0,0,0,0
2425696588,0,0,0,1,0,0,0,0,0,0,0,0,0
7805326766,0,0,0,1,0,0,0,0,0,0,0,0,0
2732331791,0,0,0,1,0,0,0,0,0,0,0,0,0
3752276358,0,0,0,1,0,0,0,0,0,0,0,0,0
3971700692,0,0,0,1,0,0,0,0,0,0,0,0,0
3424193825,0,0,0,1,0,0,0,0,0,0,0,0,0
5183250936,0,0,0,1,0,0,0,0,0,0,0,0,0
3455262968,0,0,0,1,0,0,0,0,0,0,0,0,0
5313054642,0,0,0,1,0,0,0,0,0,0,0,0,0
7213952213,0,0,0,1,0,0,0,0,0,0,0,0,0
7504936079,0,0,0,1,0,0,0,0,0,0,0,0,0
3250395544,0,0,0,1,0,0,0,0,0,0,0,0,0
6065973091,0,0,0,1,0,0,0,0,0,0,0,0,0
8216576949,0,0,0,1,0,0,0,0,0,0,0,0,0
3149236065,0,0,0,1,0,0,0,0,0,0,0,0,0
6364558075,0,0,0,1,0,0,0,0,0,0,0,0,0
8328039633,0,0,0,1,0,0,0,0,0,0,0,0,0
6765254609,0,0,0,1,0,0,0,0,0,0,0,0,0
8310705471,0,0,0,1,0,0,0,0,0,0,0,0,0
2537497999,0,0,0,1,0,0,0,0,0,0,0,0,0
1787700187,0,0,0,1,0,0,0,0,0,0,0,0,0
2540282971,0,0,0,1,0,0,0,0,0,0,0,0,0
7864146193,0,0,0,1,0,0,0,0,0,0,0,0,0
3040403555,0,0,0,1,0,0,0,0,0,0,0,0,0
2506754463,0,0,0,1,0,0,0,0,0,0,0,0,0
2818476608,0,0,0,1,0,0,0,0,0,0,0,0,0
2677523606,0,0,0,1,0,0,0,0,0,0,0,0,0
8100903633,0,0,0,1,0,0,0,0,0,0,0,0,0
8446348197,0,0,0,1,0,0,0,0,0,0,0,0,0
1599204532,0,0,0,1,0,0,0,0,0,0,0,0,0
5555738036,0,0,0,1,0,0,0,0,0,0,0,0,0
6007877734,0,0,0,1,0,0,0,0,0,0,0,0,0
7279066406,0,0,0,1,0,0,0,0,0,0,0,0,0
4266883395,0,0,0,1,0,0,0,0,0,0,0,0,0
6248288606,0,0,0,1,0,0,0,0,0,0,0,0,0
4910450828,0,0,0,1,0,0,0,0,0,0,0,0,0
1576913177,0,0,0,1,0,0,0,0,0,0,0,0,0
3026570264,0,0,0,1,0,0,0,0,0,0,0,0,0
2669563370,0,0,0,1,0,0,0,0,0,0,0,0,0
6456646030,0,0,0,1,0,0,0,0,0,0,0,0,0
1686064811,0,0,0,1,0,0,0,0,0,0,0,0,0
7836015485,0,0,0,1,0,0,0,0,0,0,0,0,0
6710058143,0,0,0,1,0,0,0,0,0,0,0,0,0
1088990512,0,0,0,1,0,0,0,0,0,0,0,0,0
1661497894,0,0,0,1,0,0,0,0,0,0,0,0,0
2251795456,0,0,0,1,0,0,0,0,0,0,0,0,0
8047445159,0,0,0,1,0,0,0,0,0,0,0,0,0
6972447811,0,0,0,1,0,0,0,0,0,0,0,0,0
3032453098,0,0,0,1,0,0,0,0,0,0,0,0,0
3222148614,0,0,0,1,0,0,0,0,0,0,0,0,0
6578375369,0,0,0,1,0,0,0,0,0,0,0,0,0
8068661152,0,0,0,1,0,0,0,0,0,0,0,0,0
8891493773,0,0,0,1,0,0,0,0,0,0,0,0,0
6816782632,0,0,0,1,0,0,0,0,0,0,0,0,0
6568286830,0,0,0,1,0,0,0,0,0,0,0,0,0
2780611316,0,0,0,1,0,0,0,0,0,0,0,0,0
3360381538,0,0,0,1,0,0,0,0,0,0,0,0,0
1006217495,0,0,0,1,0,0,0,0,0,0,0,0,0
8206019354,0,0,0,1,0,0,0,0,0,0,0,0,0
8760563749,0,0,0,1,0,0,0,0,0,0,0,0,0
7643536898,0,0,0,1,0,0,0,0,0,0,0,0,0
2146875296,0,0,0,1,0,0,0,0,0,0,0,0,0
5553892102,0,0,0,1,0,0,0,0,0,0,0,0,0
8474162905,0,0,0,1,0,0,0,0,0,0,0,0,0
2969556159,0,0,0,1,0,0,0,0,0,0,0,0,0
7739640925,0,0,0,1,0,0,0,0,0,0,0,0,0
2398962900,0,0,0,1,0,0,0,0,0,0,0,0,0
6072127175,0,0,0,1,0,0,0,0,0,0,0,0,0
3847095763,0,0,0,0,1,0,0,0,0,0,0,0,0
8459597781,0,0,0,0,1,0,0,0,0,0,0,0,0
7419713685,0,0,0,0,1,0,0,0,0,0,0,0,0
8925427332,0,0,0,0,1,0,0,0,0,0,0,0,0
3099320816,0,0,0,0,1,0,0,0,0,0,0,0,0
7408208918,0,0,0,0,1,0,0,0,0,0,0,0,0
7248538932,0,0,0,0,1,0,0,0,0,0,0,0,0
2650831387,0,0,0,0,1,0,0,0,0,0,0,0,0
2596882832,0,0,0,0,1,0,0,0,0,0,0,0,0
8066041601,0,0,0,0,1,0,0,0,0,0,0,0,0
8732855020,0,0,0,0,1,0,0,0,0,0,0,0,0
3793668668,0,0,0,0,1,0,0,0,0,0,0,0,0
1436746044,0,0,0,0,1,0,0,0,0,0,0,0,0
5128237017,0,0,0,0,1,0,0,0,0,0,0,0,0
7224044077,0,0,0,0,1,0,0,0,0,0,0,0,0
1164013245,0,0,0,0,1,0,0,0,0,0,0,0,0
1325709581,0,0,0,0,1,0,0,0,0,0,0,0,0
6067362158,0,0,0,0,1,0,0,0,0,0,0,0,0
1634833844,0,0,0,0,1,0,0,0,0,0,0,0,0
2239432995,0,0,0,0,1,0,0,0,0,0,0,0,0
2217436869,0,0,0,0,1,0,0,0,0,0,0,0,0
4772437045,0,0,0,0,1,0,0,0,0,0,0,0,0
5531383436,0,0,0,0,1,0,0,0,0,0,0,0,0
5640766601,0,0,0,0,1,0,0,0,0,0,0,0,0
6114621784,0,0,0,0,1,0,0,0,0,0,0,0,0
3312801552,0,0,0,0,1,0,0,0,0,0,0,0,0
3887578376,0,0,0,0,1,0,0,0,0,0,0,0,0
8730393744,0,0,0,0,1,0,0,0,0,0,0,0,0
2535704410,0,0,0,0,1,0,0,0,0,0,0,0,0
4372701732,0,0,0,0,1,0,0,0,0,0,0,0,0
8347605053,0,0,0,0,1,0,0,0,0,0,0,0,0
7082904559,0,0,0,0,1,0,0,0,0,0,0,0,0
5669524907,0,0,0,0,1,0,0,0,0,0,0,0,0
8964304947,0,0,0,0,1,0,0,0,0,0,0,0,0
7106649517,0,0,0,0,1,0,0,0,0,0,0,0,0
1012317005,0,0,0,0,1,0,0,0,0,0,0,0,0
1841246356,0,0,0,0,1,0,0,0,0,0,0,0,0
4056327964,0,0,0,0,1,0,0,0,0,0,0,0,0
1428219083,0,0,0,0,1,0,0,0,0,0,0,0,0
4247180664,0,0,0,0,1,0,0,0,0,0,0,0,0
5225857452,0,0,0,0,1,0,0,0,0,0,0,0,0
8377897443,0,0,0,0,1,0,0,0,0,0,0,0,0
7435386201,0,0,0,0,1,0,0,0,0,0,0,0,0
5204958427,0,0,0,0,1,0,0,0,0,0,0,0,0
2224128396,0,0,0,0,1,0,0,0,0,0,0,0,0
8908096017,0,0,0,0,1,0,0,0,0,0,0,0,0
7906098257,0,0,0,0,1,0,0,0,0,0,0,0,0
1789966279,0,0,0,0,1,0,0,0,0,0,0,0,0
8413923428,0,0,0,0,1,0,0,0,0,0,0,0,0
3763472733,0,0,0,0,1,0,0,0,0,0,0,0,0
5928824263,0,0,0,0,1,0,0,0,0,0,0,0,0
5097556193,0,0,0,0,1,0,0,0,0,0,0,0,0
4095439958,0,0,0,0,1,0,0,0,0,0,0,0,0
2982111336,0,0,0,0,1,0,0,0,0,0,0,0,0
6499428647,0,0,0,0,1,0,0,0,0,0,0,0,0
4533673464,0,0,0,0,1,0,0,0,0,0,0,0,0
4407211366,0,0,0,0,1,0,0,0,0,0,0,0,0
2557640976,0,0,0,0,1,0,0,0,0,0,0,0,0
2014508361,0,0,0,0,1,0,0,0,0,0,0,0,0
4448988770,0,0,0,0,1,0,0,0,0,0,0,0,0
3771077759,0,0,0,0,1,0,0,0,0,0,0,0,0
3091944915,0,0,0,0,1,0,0,0,0,0,0,0,0
5997800834,0,0,0,0,1,0,0,0,0,0,0,0,0
3030071429,0,0,0,0,1,0,0,0,0,0,0,0,0
5183563018,0,0,0,0,1,0,0,0,0,0,0,0,0
7507381412,0,0,0,0,1,0,0,0,0,0,0,0,0
7773666382,0,0,0,0,1,0,0,0,0,0,0,0,0
3150211691,0,0,0,0,1,0,0,0,0,0,0,0,0
3948924006,0,0,0,0,1,0,0,0,0,0,0,0,0
8229709375,0,0,0,0,1,0,0,0,0,0,0,0,0
7271991213,0,0,0,0,1,0,0,0,0,0,0,0,0
6091073348,0,0,0,0,1,0,0,0,0,0,0,0,0
6934420207,0,0,0,0,1,0,0,0,0,0,0,0,0
5540757843,0,0,0,0,1,0,0,0,0,0,0,0,0
6326700190,0,0,0,0,1,0,0,0,0,0,0,0,0
3872430738,0,0,0,0,1,0,0,0,0,0,0,0,0
1847081957,0,0,0,0,1,0,0,0,0,0,0,0,0
6042533343,0,0,0,0,1,0,0,0,0,0,0,0,0
1665939284,0,0,0,0,1,0,0,0,0,0,0,0,0
4159817048,0,0,0,0,1,0,0,0,0,0,0,0,0
6049391214,0,0,1,0,0,0,0,0,0,0,0,0,0
4596517953,0,0,1,0,0,0,0,0,0,0,0,0,0
3489878526,0,0,1,0,0,0,0,0,0,0,0,0,0
3200119934,0,0,1,0,0,0,0,0,0,0,0,0,0
7805043930,0,0,1,0,0,0,0,0,0,0,0,0,0
4627834810,0,0,1,0,0,0,0,0,0,0,0,0,0
2298980242,0,0,1,0,0,0,0,0,0,0,0,0,0
2903971887,0,0,1,0,0,0,0,0,0,0,0,0,0
1808053665,0,0,1,0,0,0,0,0,0,0,0,0,0
8528993449,0,0,1,0,0,0,0,0,0,0,0,0,0
2669902636,0,0,1,0,0,0,0,0,0,0,0,0,0
7066221444,0,0,1,0,0,0,0,0,0,0,0,0,0
4717615563,0,0,1,0,0,0,0,0,0,0,0,0,0
3410680314,0,0,1,0,0,0,0,0,0,0,0,0,0
3946585071,0,0,1,0,0,0,0,0,0,0,0,0,0
4963434415,0,0,1,0,0,0,0,0,0,0,0,0,0
6299362523,0,0,1,0,0,0,0,0,0,0,0,0,0
6439785423,0,0,1,0,0,0,0,0,0,0,0,0,0
7542129391,0,0,1,0,0,0,0,0,0,0,0,0,0
4358812988,0,0,1,0,0,0,0,0,0,0,0,0,0
2155003774,0,0,1,0,0,0,0,0,0,0,0,0,0
3643659678,0,0,1,0,0,0,0,0,0,0,0,0,0
1753883227,0,0,1,0,0,0,0,0,0,0,0,0,0
5722801298,0,0,1,0,0,0,0,0,0,0,0,0,0
1691447568,0,0,1,0,0,0,0,0,0,0,0,0,0
1760397293,0,0,1,0,0,0,0,0,0,0,0,0,0
3556500605,0,0,1,0,0,0,0,0,0,0,0,0,0
3124681398,0,0,1,0,0,0,0,0,0,0,0,0,0
4350687865,0,0,1,0,0,0,0,0,0,0,0,0,0
6682968592,0,0,1,0,0,0,0,0,0,0,0,0,0
1352587708,0,0,1,0,0,0,0,0,0,0,0,0,0
7757877011,0,0,1,0,0,0,0,0,0,0,0,0,0
6644690493,0,0,1,0,0,0,0,0,0,0,0,0,0
4592436786,0,0,1,0,0,0,0,0,0,0,0,0,0
6101358514,0,0,1,0,0,0,0,0,0,0,0,0,0
7017109811,0,0,1,0,0,0,0,0,0,0,0,0,0
1089785315,0,0,1,0,0,0,0,0,0,0,0,0,0
5627365286,0,0,1,0,0,0,0,0,0,0,0,0,0
5127924365,0,0,1,0,0,0,0,0,0,0,0,0,0
4789646489,0,0,1,0,0,0,0,0,0,0,0,0,0
4773178375,0,0,1,0,0,0,0,0,0,0,0,0,0
7197122709,0,0,1,0,0,0,0,0,0,0,0,0,0
8437548306,0,0,1,0,0,0,0,0,0,0,0,0,0
3883939878,0,0,1,0,0,0,0,0,0,0,0,0,0
6682355748,0,0,1,0,0,0,0,0,0,0,0,0,0
6258723851,0,0,1,0,0,0,0,0,0,0,0,0,0
4858135058,0,0,1,0,0,0,0,0,0,0,0,0,0
2020383334,0,0,1,0,0,0,0,0,0,0,0,0,0
3615471327,0,0,1,0,0,0,0,0,0,0,0,0,0
7620936246,0,0,1,0,0,0,0,0,0,0,0,0,0
4792987697,0,0,1,0,0,0,0,0,0,0,0,0,0
8719421004,0,0,1,0,0,0,0,0,0,0,0,0,0
3312562106,0,0,1,0,0,0,0,0,0,0,0,0,0
1374274621,0,0,1,0,0,0,0,0,0,0,0,0,0
1275749969,0,0,1,0,0,0,0,0,0,0,0,0,0
5679323193,0,0,1,0,0,0,0,0,0,0,0,0,0
1329246796,0,0,1,0,0,0,0,0,0,0,0,0,0
8125676428,0,0,1,0,0,0,0,0,0,0,0,0,0
3151039738,0,0,1,0,0,0,0,0,0,0,0,0,0
8157877941,0,0,1,0,0,0,0,0,0,0,0,0,0
6692326081,0,0,1,0,0,0,0,0,0,0,0,0,0
2761139320,0,0,1,0,0,0,0,0,0,0,0,0,0
6129079118,0,0,1,0,0,0,0,0,0,0,0,0,0
4923425729,0,0,1,0,0,0,0,0,0,0,0,0,0
3020583014,0,0,1,0,0,0,0,0,0,0,0,0,0
6846058710,0,0,1,0,0,0,0,0,0,0,0,0,0
4470085928,0,0,1,0,0,0,0,0,0,0,0,0,0
5195210890,0,0,1,0,0,0,0,0,0,0,0,0,0
8006915493,0,0,1,0,0,0,0,0,0,0,0,0,0
3646891697,0,0,1,0,0,0,0,0,0,0,0,0,0
1964734038,0,0,1,0,0,0,0,0,0,0,0,0,0
6372793297,0,0,1,0,0,0,0,0,0,0,0,0,0
3285777559,0,0,1,0,0,0,0,0,0,0,0,0,0
8681886859,0,0,1,0,0,0,0,0,0,0,0,0,0
7384911978,0,0,1,0,0,0,0,0,0,0,0,0,0
5770028143,0,0,1,0,0,0,0,0,0,0,0,0,0
2934987306,0,0,1,0,0,0,0,0,0,0,0,0,0
7332022658,0,0,1,0,0,0,0,0,0,0,0,0,0
2376518812,0,0,1,0,0,0,0,0,0,0,0,0,0
2566937340,0,0,1,0,0,0,0,0,0,0,0,0,0
4837437716,0,0,1,0,0,0,0,0,0,0,0,0,0
4069933071,0,0,0,0,0,0,0,0,0,0,0,1,0
1847211518,0,0,0,0,0,0,0,0,0,0,0,1,0
3023600010,0,0,0,0,0,0,0,0,0,0,0,1,0
4774619915,0,0,0,0,0,0,0,0,0,0,0,1,0
2335621529,0,0,0,0,0,0,0,0,0,0,0,1,0
3489417796,0,0,0,0,0,0,0,0,0,0,0,1,0
6587291447,0,0,0,0,0,0,0,0,0,0,0,1,0
5118767089,0,0,0,0,0,0,0,0,0,0,0,1,0
5185917929,0,0,0,0,0,0,0,0,0,0,0,1,0
1898239846,0,0,0,0,0,0,0,0,0,0,0,1,0
1888808679,0,0,0,0,0,0,0,0,0,0,0,1,0
1773439931,0,0,0,0,0,0,0,0,0,0,0,1,0
3606265891,0,0,0,0,0,0,0,0,0,0,0,1,0
5790414946,0,0,0,0,0,0,0,0,0,0,0,1,0
1994087185,0,0,0,0,0,0,0,0,0,0,0,1,0
7160306941,0,0,0,0,0,0,0,0,0,0,0,1,0
7766162403,0,0,0,0,0,0,0,0,0,0,0,1,0
2002383840,0,0,0,0,0,0,0,0,0,0,0,1,0
4087170288,0,0,0,0,0,0,0,0,0,0,0,1,0
1249749280,0,0,0,0,0,0,0,0,0,0,0,1,0
6537492937,0,0,0,0,0,0,0,0,0,0,0,1,0
1757923186,0,0,0,0,0,0,0,0,0,0,0,1,0
6317641441,0,0,0,0,0,0,0,0,0,0,0,1,0
2656155095,0,0,0,0,0,0,0,0,0,0,0,1,0
5914247614,0,0,0,0,0,0,0,0,0,0,0,1,0
1889206129,0,0,0,0,0,0,0,0,0,0,0,1,0
8610418468,0,0,0,0,0,0,0,0,0,0,0,1,0
3259125294,0,0,0,0,0,0,0,0,0,0,0,1,0
1742308855,0,0,0,0,0,0,0,0,0,0,0,1,0
5557103278,0,0,0,0,0,0,0,0,0,0,0,1,0
3844908618,0,0,0,0,0,0,0,0,0,0,0,1,0
6404427490,0,0,0,0,0,0,0,0,0,0,0,1,0
5464956538,0,0,0,0,0,0,0,0,0,0,0,1,0
4101070964,0,0,0,0,0,0,0,0,0,0,0,1,0
2220533486,0,0,0,0,0,0,0,0,0,0,0,1,0
7780355585,0,0,0,0,0,0,0,0,0,0,0,1,0
4849499788,0,0,0,0,0,0,0,0,0,0,0,1,0
3125125266,0,0,0,0,0,0,0,0,0,0,0,1,0
2395698811,0,0,0,0,0,0,0,0,0,0,0,1,0
2723434056,0,0,0,0,0,0,0,0,0,0,0,1,0
5152113818,0,0,0,0,0,0,0,0,0,0,0,1,0
2492182992,0,0,0,0,0,0,0,0,0,0,0,1,0
2532907542,0,0,0,0,0,0,0,0,0,0,0,1,0
4083419072,0,0,0,0,0,0,0,0,0,0,0,1,0
7750248813,0,0,0,0,0,0,0,0,0,0,0,1,0
1375188801,0,0,0,0,0,0,0,0,0,0,0,1,0
5204168277,0,0,0,0,0,0,0,0,0,0,0,1,0
4080007958,0,0,0,0,0,0,0,0,0,0,0,1,0
3825423110,0,0,0,0,0,0,0,0,0,0,0,1,0
6016819527,0,0,0,0,0,0,0,0,0,0,0,1,0
3478042866,0,0,0,0,0,0,0,0,0,0,0,1,0
1586172813,0,0,0,0,0,0,0,0,0,0,0,1,0
7413999983,0,0,0,0,0,0,0,0,0,0,0,1,0
2884400363,0,0,0,0,0,0,0,0,0,0,0,1,0
4266084608,0,0,0,0,0,0,0,0,0,0,0,1,0
7966262677,0,0,0,0,0,0,0,0,0,0,0,1,0
6322489697,0,0,0,0,0,0,0,0,0,0,0,1,0
3688812431,0,0,0,0,0,0,0,0,0,0,0,1,0
1442607982,0,0,0,0,0,0,0,0,0,0,0,1,0
2630034401,0,0,0,0,0,0,0,0,0,0,0,1,0
2625791393,0,0,0,0,0,0,0,0,0,0,0,1,0
6320577343,0,0,0,0,0,0,0,0,0,0,0,1,0
4452180594,0,0,0,0,0,0,0,0,0,0,0,1,0
6928005700,0,0,0,0,0,0,0,0,0,0,0,1,0
3677204365,0,0,0,0,0,0,0,0,0,0,0,1,0
3853095626,0,0,0,0,0,0,0,0,0,0,0,1,0
8101289466,0,0,0,0,0,0,0,0,0,0,0,1,0
3595472481,0,0,0,0,0,0,0,0,0,0,0,1,0
6721208605,0,0,0,0,0,0,0,0,0,0,0,1,0
5723095566,0,0,0,0,0,0,0,0,0,0,0,1,0
8977044400,0,0,0,0,0,0,0,0,0,0,0,1,0
6928087342,0,0,0,0,0,0,0,0,0,0,0,1,0
6953852669,0,0,0,0,0,0,0,0,0,0,0,1,0
4057472982,0,0,0,0,0,0,0,0,0,0,0,1,0
7506398835,0,0,0,0,0,0,0,0,0,0,0,1,0
2823488210,0,0,0,0,0,0,0,0,0,0,0,1,0
1526748292,0,0,0,0,0,0,0,0,0,0,0,1,0
8240001933,0,0,0,0,0,0,0,0,0,0,0,1,0
8455923547,0,0,0,0,0,0,0,0,0,0,0,1,0
3404670403,0,0,0,0,0,0,0,0,0,0,0,1,0
4016538001,0,0,0,0,0,0,0,0,0,0,0,1,0
2205927402,0,0,0,0,0,0,0,0,0,0,1,0,0
2019899106,0,0,0,0,0,0,0,0,0,0,1,0,0
1051769248,0,0,0,0,0,0,0,0,0,0,1,0,0
6162733300,0,0,0,0,0,0,0,0,0,0,1,0,0
1144346314,0,0,0,0,0,0,0,0,0,0,1,0,0
3352906808,0,0,0,0,0,0,0,0,0,0,1,0,0
3849750254,0,0,0,0,0,0,0,0,0,0,1,0,0
6436425885,0,0,0,0,0,0,0,0,0,0,1,0,0
2268954805,0,0,0,0,0,0,0,0,0,0,1,0,0
8003621349,0,0,0,0,0,0,0,0,0,0,1,0,0
4444958594,0,0,0,0,0,0,0,0,0,0,1,0,0
2314515787,0,0,0,0,0,0,0,0,0,0,1,0,0
6080130855,0,0,0,0,0,0,0,0,0,0,1,0,0
1183796626,0,0,0,0,0,0,0,0,0,0,1,0,0
5592058203,0,0,0,0,0,0,0,0,0,0,1,0,0
8807943231,0,0,0,0,0,0,0,0,0,0,1,0,0
8111579258,0,0,0,0,0,0,0,0,0,0,1,0,0
6808223253,0,0,0,0,0,0,0,0,0,0,1,0,0
5325212720,0,0,0,0,0,0,0,0,0,0,1,0,0
4808403576,0,0,0,0,0,0,0,0,0,0,1,0,0
1658992857,0,0,0,0,0,0,0,0,0,0,1,0,0
4700130871,0,0,0,0,0,0,0,0,0,0,1,0,0
7545130782,0,0,0,0,0,0,0,0,0,0,1,0,0
4098389314,0,0,0,0,0,0,0,0,0,0,1,0,0
3201683813,0,0,0,0,0,0,0,0,0,0,1,0,0
3831456408,0,0,0,0,0,0,0,0,0,0,1,0,0
3756222377,0,0,0,0,0,0,0,0,0,0,1,0,0
6034350739,0,0,0,0,0,0,0,0,0,0,1,0,0
1244574978,0,0,0,0,0,0,0,0,0,0,1,0,0
3806798283,0,0,0,0,0,0,0,0,0,0,1,0,0
4279520091,0,0,0,0,0,0,0,0,0,0,1,0,0
2002738965,0,0,0,0,0,0,0,0,0,0,1,0,0
1385381669,0,0,0,0,0,0,0,0,0,0,1,0,0
6261381457,0,0,0,0,0,0,0,0,0,0,1,0,0
8800587234,0,0,0,0,0,0,0,0,0,0,1,0,0
7956103858,0,0,0,0,0,0,0,0,0,0,1,0,0
7894041969,0,0,0,0,0,0,0,0,0,0,1,0,0
4677475719,0,0,0,0,0,0,0,0,0,0,1,0,0
4738924874,0,0,0,0,0,0,0,0,0,0,1,0,0
6182136353,0,0,0,0,0,0,0,0,0,0,1,0,0
3713175238,0,0,0,0,0,0,0,0,0,0,1,0,0
8013715841,0,0,0,0,0,0,0,0,0,0,1,0,0
1045918276,0,0,0,0,0,0,0,0,0,0,1,0,0
1475995355,0,0,0,0,0,0,0,0,0,0,1,0,0
5483805994,0,0,0,0,0,0,0,0,0,0,1,0,0
2787376870,0,0,0,0,0,0,0,0,0,0,1,0,0
4011947049,0,0,0,0,0,0,0,0,0,0,1,0,0
8562278217,0,0,0,0,0,0,0,0,0,0,1,0,0
2695084414,0,0,0,0,0,0,0,0,0,0,1,0,0
2707019631,0,0,0,0,0,0,0,0,0,0,1,0,0
2256363951,0,0,0,0,0,0,0,0,0,0,1,0,0
1727182862,0,0,0,0,0,0,0,0,0,0,1,0,0
1039527584,0,0,0,0,0,0,0,0,0,0,1,0,0
4097158233,0,0,0,0,0,0,0,0,0,0,1,0,0
7345218080,0,0,0,0,0,0,0,0,0,0,1,0,0
2083922758,0,0,0,0,0,0,0,0,0,0,1,0,0
1154691632,0,0,0,0,0,0,0,0,0,0,1,0,0
6462769099,0,0,0,0,0,0,0,0,0,0,1,0,0
8065903449,0,0,0,0,0,0,0,0,0,0,1,0,0
2434302496,0,0,0,0,0,0,0,0,0,0,1,0,0
4114774953,0,0,0,0,0,0,0,0,0,0,1,0,0
2676257438,0,0,0,0,0,0,0,0,0,0,1,0,0
2365345088,0,0,0,0,0,0,0,0,0,0,1,0,0
7780427865,0,0,0,0,0,0,0,0,0,0,1,0,0
8369891816,0,0,0,0,0,0,0,0,0,0,1,0,0
7371853389,0,0,0,0,0,0,0,0,0,0,1,0,0
6609546937,0,0,0,0,0,0,0,0,0,0,1,0,0
7815307245,0,0,0,0,0,0,0,0,0,0,1,0,0
6247702266,0,0,0,0,0,0,0,0,0,0,1,0,0
2753517217,0,0,0,0,0,0,0,0,0,0,1,0,0
1998043894,0,0,0,0,0,0,0,0,0,0,1,0,0
8067047761,0,0,0,0,0,0,0,0,0,0,1,0,0
2849497667,0,0,0,0,0,0,0,0,0,0,1,0,0
8069204789,0,0,0,0,0,0,0,0,0,0,1,0,0
2189908413,0,0,0,0,0,0,0,0,0,0,1,0,0
3978627721,0,0,0,0,0,0,0,0,0,0,1,0,0
5924990958,0,0,0,0,0,0,0,0,0,0,1,0,0
7152843149,0,0,0,0,0,0,0,0,0,0,1,0,0
8442021552,0,0,0,0,0,0,0,0,0,0,1,0,0
7113662819,0,0,0,0,0,0,0,0,0,0,1,0,0
1715746930,0,0,0,0,0,0,0,0,0,0,1,0,0
8375646467,0,0,0,0,0,0,1,0,0,0,0,0,0
7264461262,0,0,0,0,0,0,1,0,0,0,0,0,0
4204234355,0,0,0,0,0,0,1,0,0,0,0,0,0
7023399258,0,0,0,0,0,0,1,0,0,0,0,0,0
1411878027,0,0,0,0,0,0,1,0,0,0,0,0,0
2028383772,0,0,0,0,0,0,1,0,0,0,0,0,0
1341028883,0,0,0,0,0,0,1,0,0,0,0,0,0
2289088564,0,0,0,0,0,0,1,0,0,0,0,0,0
2704871964,0,0,0,0,0,0,1,0,0,0,0,0,0
3547481605,0,0,0,0,0,0,1,0,0,0,0,0,0
5280395840,0,0,0,0,0,0,1,0,0,0,0,0,0
7798126377,0,0,0,0,0,0,1,0,0,0,0,0,0
5045077173,0,0,0,0,0,0,1,0,0,0,0,0,0
3988194504,0,0,0,0,0,0,1,0,0,0,0,0,0
7128418715,0,0,0,0,0,0,1,0,0,0,0,0,0
5204641027,0,0,0,0,0,0,1,0,0,0,0,0,0
8513096928,0,0,0,0,0,0,1,0,0,0,0,0,0
6124479095,0,0,0,0,0,0,1,0,0,0,0,0,0
5982149122,0,0,0,0,0,0,1,0,0,0,0,0,0
6481366648,0,0,0,0,0,0,1,0,0,0,0,0,0
7794707594,0,0,0,0,0,0,1,0,0,0,0,0,0
8613998012,0,0,0,0,0,0,1,0,0,0,0,0,0
8526901368,0,0,0,0,0,0,1,0,0,0,0,0,0
8103783879,0,0,0,0,0,0,1,0,0,0,0,0,0
8392161499,0,0,0,0,0,0,1,0,0,0,0,0,0
5886691252,0,0,0,0,0,0,1,0,0,0,0,0,0
6308420888,0,0,0,0,0,0,1,0,0,0,0,0,0
1879077056,0,0,0,0,0,0,1,0,0,0,0,0,0
5362382616,0,0,0,0,0,0,1,0,0,0,0,0,0
5817931154,0,0,0,0,0,0,1,0,0,0,0,0,0
7895164639,0,0,0,0,0,0,1,0,0,0,0,0,0
4394316330,0,0,0,0,0,0,1,0,0,0,0,0,0
1082100844,0,0,0,0,0,0,1,0,0,0,0,0,0
3075355406,0,0,0,0,0,0,1,0,0,0,0,0,0
8981481755,0,0,0,0,0,0,1,0,0,0,0,0,0
3511739553,0,0,0,0,0,0,1,0,0,0,0,0,0
1423847008,0,0,0,0,0,0,1,0,0,0,0,0,0
4556910186,0,0,0,0,0,0,1,0,0,0,0,0,0
6413468222,0,0,0,0,0,0,1,0,0,0,0,0,0
1879397162,0,0,0,0,0,0,1,0,0,0,0,0,0
5942836699,0,0,0,0,0,0,1,0,0,0,0,0,0
4816954330,0,0,0,0,0,0,1,0,0,0,0,0,0
4390595731,0,0,0,0,0,0,1,0,0,0,0,0,0
1366249982,0,0,0,0,0,0,1,0,0,0,0,0,0
3942834174,0,0,0,0,0,0,1,0,0,0,0,0,0
3555170635,0,0,0,0,0,0,1,0,0,0,0,0,0
3328052070,0,0,0,0,0,0,1,0,0,0,0,0,0
6584624741,0,0,0,0,0,0,1,0,0,0,0,0,0
4522810331,0,0,0,0,0,0,1,0,0,0,0,0,0
5315550213,0,0,0,0,0,0,1,0,0,0,0,0,0
5981039759,0,0,0,0,0,0,1,0,0,0,0,0,0
8735014936,0,0,0,0,0,0,1,0,0,0,0,0,0
3012231670,0,0,0,0,0,0,1,0,0,0,0,0,0
5993064096,0,0,0,0,0,0,1,0,0,0,0,0,0
5773775609,0,0,0,0,0,0,1,0,0,0,0,0,0
1945722831,0,0,0,0,0,0,1,0,0,0,0,0,0
6611040802,0,0,0,0,0,0,1,0,0,0,0,0,0
7645886757,0,0,0,0,0,0,1,0,0,0,0,0,0
2178397297,0,0,0,0,0,0,1,0,0,0,0,0,0
2310982980,0,0,0,0,0,0,1,0,0,0,0,0,0
3937592650,0,0,0,0,0,0,1,0,0,0,0,0,0
8563517747,0,0,0,0,0,0,1,0,0,0,0,0,0
3188975342,0,0,0,0,0,0,1,0,0,0,0,0,0
3888635960,0,0,0,0,0,0,1,0,0,0,0,0,0
8505819075,0,0,0,0,0,0,1,0,0,0,0,0,0
5225241484,0,0,0,0,0,0,1,0,0,0,0,0,0
8354754922,0,0,0,0,0,0,1,0,0,0,0,0,0
4497270381,0,0,0,0,0,0,1,0,0,0,0,0,0
2547221313,0,0,0,0,0,0,1,0,0,0,0,0,0
4612398510,0,0,0,0,0,0,1,0,0,0,0,0,0
8206528892,0,0,0,0,0,0,1,0,0,0,0,0,0
3254874221,0,0,0,0,0,0,1,0,0,0,0,0,0
6242875954,0,0,0,0,0,0,1,0,0,0,0,0,0
6788788575,0,0,0,0,0,0,1,0,0,0,0,0,0
2215404672,0,0,0,0,0,0,1,0,0,0,0,0,0
7309611261,0,0,0,0,0,0,1,0,0,0,0,0,0
8299856516,0,0,0,0,0,0,1,0,0,0,0,0,0
6387512912,0,0,0,0,0,0,1,0,0,0,0,0,0
7394838646,0,0,0,0,0,0,1,0,0,0,0,0,0
6879539554,0,0,0,0,0,0,1,0,0,0,0,0,0
2176359476,0,0,0,0,0,1,0,0,0,0,0,0,0
6462264045,0,0,0,0,0,1,0,0,0,0,0,0,0
5306383984,0,0,0,0,0,1,0,0,0,0,0,0,0
7880322624,0,0,0,0,0,1,0,0,0,0,0,0,0
3373030994,0,0,0,0,0,1,0,0,0,0,0,0,0
3403346871,0,0,0,0,0,1,0,0,0,0,0,0,0
1327182894,0,0,0,0,0,1,0,0,0,0,0,0,0
8633826238,0,0,0,0,0,1,0,0,0,0,0,0,0
3625430054,0,0,0,0,0,1,0,0,0,0,0,0,0
6313767817,0,0,0,0,0,1,0,0,0,0,0,0,0
8132147095,0,0,0,0,0,1,0,0,0,0,0,0,0
1659735659,0,0,0,0,0,1,0,0,0,0,0,0,0
4394284975,0,0,0,0,0,1,0,0,0,0,0,0,0
5811252442,0,0,0,0,0,1,0,0,0,0,0,0,0
1775656474,0,0,0,0,0,1,0,0,0,0,0,0,0
3873840930,0,0,0,0,0,1,0,0,0,0,0,0,0
3177541293,0,0,0,0,0,1,0,0,0,0,0,0,0
3159615666,0,0,0,0,0,1,0,0,0,0,0,0,0
5337769948,0,0,0,0,0,1,0,0,0,0,0,0,0
4416503907,0,0,0,0,0,1,0,0,0,0,0,0,0
6542463511,0,0,0,0,0,1,0,0,0,0,0,0,0
5783761953,0,0,0,0,0,1,0,0,0,0,0,0,0
1631790961,0,0,0,0,0,1,0,0,0,0,0,0,0
6162041618,0,0,0,0,0,1,0,0,0,0,0,0,0
1914383309,0,0,0,0,0,1,0,0,0,0,0,0,0
2569242502,0,0,0,0,0,1,0,0,0,0,0,0,0
5071322289,0,0,0,0,0,1,0,0,0,0,0,0,0
8537333975,0,0,0,0,0,1,0,0,0,0,0,0,0
7871136687,0,0,0,0,0,1,0,0,0,0,0,0,0
8591273486,0,0,0,0,0,1,0,0,0,0,0,0,0
2870089389,0,0,0,0,0,1,0,0,0,0,0,0,0
4785072304,0,0,0,0,0,1,0,0,0,0,0,0,0
2043630257,0,0,0,0,0,1,0,0,0,0,0,0,0
8261619581,0,0,0,0,0,1,0,0,0,0,0,0,0
1658516144,0,0,0,0,0,1,0,0,0,0,0,0,0
2772310600,0,0,0,0,0,1,0,0,0,0,0,0,0
3252835830,0,0,0,0,0,1,0,0,0,0,0,0,0
7568764957,0,0,0,0,0,1,0,0,0,0,0,0,0
6537914446,0,0,0,0,0,1,0,0,0,0,0,0,0
7915064701,0,0,0,0,0,1,0,0,0,0,0,0,0
1620871706,0,0,0,0,0,1,0,0,0,0,0,0,0
7112595912,0,0,0,0,0,1,0,0,0,0,0,0,0
1778045316,0,0,0,0,0,1,0,0,0,0,0,0,0
6362417647,0,0,0,0,0,1,0,0,0,0,0,0,0
1515156711,0,0,0,0,0,1,0,0,0,0,0,0,0
1938668964,0,0,0,0,0,1,0,0,0,0,0,0,0
6366120634,0,0,0,0,0,1,0,0,0,0,0,0,0
8857186184,0,0,0,0,0,1,0,0,0,0,0,0,0
3388009826,0,0,0,0,0,1,0,0,0,0,0,0,0
6039958146,0,0,0,0,0,1,0,0,0,0,0,0,0
2967568983,0,0,0,0,0,1,0,0,0,0,0,0,0
2167782702,0,0,0,0,0,1,0,0,0,0,0,0,0
5872051200,0,0,0,0,0,1,0,0,0,0,0,0,0
6559332308,0,0,0,0,0,1,0,0,0,0,0,0,0
1023154567,0,0,0,0,0,1,0,0,0,0,0,0,0
5833286937,0,0,0,0,0,1,0,0,0,0,0,0,0
5441101705,0,0,0,0,0,1,0,0,0,0,0,0,0
7842963428,0,0,0,0,0,1,0,0,0,0,0,0,0
2302564449,0,0,0,0,0,1,0,0,0,0,0,0,0
2465446073,0,0,0,0,0,1,0,0,0,0,0,0,0
8695183776,0,0,0,0,0,1,0,0,0,0,0,0,0
8030805286,0,0,0,0,0,1,0,0,0,0,0,0,0
5460158405,0,0,0,0,0,1,0,0,0,0,0,0,0
6279739554,0,0,0,0,0,1,0,0,0,0,0,0,0
1964811978,0,0,0,0,0,1,0,0,0,0,0,0,0
3800536607,0,0,0,0,0,1,0,0,0,0,0,0,0
8609415320,0,0,0,0,0,1,0,0,0,0,0,0,0
3431696815,0,0,0,0,0,1,0,0,0,0,0,0,0
3685606082,0,0,0,0,0,1,0,0,0,0,0,0,0
6550596892,0,0,0,0,0,1,0,0,0,0,0,0,0
4751377556,0,0,0,0,0,1,0,0,0,0,0,0,0
1354401938,0,0,0,0,0,1,0,0,0,0,0,0,0
4889758467,0,0,0,0,0,1,0,0,0,0,0,0,0
6787840429,0,0,0,0,0,1,0,0,0,0,0,0,0
8779610158,0,0,0,0,0,1,0,0,0,0,0,0,0
2309096496,0,0,0,0,0,1,0,0,0,0,0,0,0
7394953970,0,0,0,0,0,1,0,0,0,0,0,0,0
3046943706,0,0,0,0,0,1,0,0,0,0,0,0,0
6731514128,0,0,0,0,0,1,0,0,0,0,0,0,0
2136811114,0,0,0,0,0,1,0,0,0,0,0,0,0
7486858224,1,0,0,0,0,0,0,0,0,0,0,0,0
4453843624,1,0,0,0,0,0,0,0,0,0,0,0,0
6581035464,1,0,0,0,0,0,0,0,0,0,0,0,0
2819577183,1,0,0,0,0,0,0,0,0,0,0,0,0
2356926517,1,0,0,0,0,0,0,0,0,0,0,0,0
3669082927,1,0,0,0,0,0,0,0,0,0,0,0,0
6239293269,1,0,0,0,0,0,0,0,0,0,0,0,0
2980842556,1,0,0,0,0,0,0,0,0,0,0,0,0
3123373594,1,0,0,0,0,0,0,0,0,0,0,0,0
2066129630,1,0,0,0,0,0,0,0,0,0,0,0,0
7584000572,1,0,0,0,0,0,0,0,0,0,0,0,0
6207926539,1,0,0,0,0,0,0,0,0,0,0,0,0
7876467124,1,0,0,0,0,0,0,0,0,0,0,0,0
5689467405,1,0,0,0,0,0,0,0,0,0,0,0,0
5534395724,1,0,0,0,0,0,0,0,0,0,0,0,0
7326750092,1,0,0,0,0,0,0,0,0,0,0,0,0
5641203830,1,0,0,0,0,0,0,0,0,0,0,0,0
6455289217,1,0,0,0,0,0,0,0,0,0,0,0,0
4373291557,1,0,0,0,0,0,0,0,0,0,0,0,0
3916200355,1,0,0,0,0,0,0,0,0,0,0,0,0
8344933650,1,0,0,0,0,0,0,0,0,0,0,0,0
1521303769,1,0,0,0,0,0,0,0,0,0,0,0,0
8951605947,1,0,0,0,0,0,0,0,0,0,0,0,0
7081564224,1,0,0,0,0,0,0,0,0,0,0,0,0
6386213489,1,0,0,0,0,0,0,0,0,0,0,0,0
2304269743,1,0,0,0,0,0,0,0,0,0,0,0,0
2023293477,1,0,0,0,0,0,0,0,0,0,0,0,0
6754492915,1,0,0,0,0,0,0,0,0,0,0,0,0
7889603133,1,0,0,0,0,0,0,0,0,0,0,0,0
4453474333,1,0,0,0,0,0,0,0,0,0,0,0,0
2133368326,1,0,0,0,0,0,0,0,0,0,0,0,0
8863291727,1,0,0,0,0,0,0,0,0,0,0,0,0
5529167545,1,0,0,0,0,0,0,0,0,0,0,0,0
6428865907,1,0,0,0,0,0,0,0,0,0,0,0,0
5864707730,1,0,0,0,0,0,0,0,0,0,0,0,0
4424824844,1,0,0,0,0,0,0,0,0,0,0,0,0
3344541216,1,0,0,0,0,0,0,0,0,0,0,0,0
5184046216,1,0,0,0,0,0,0,0,0,0,0,0,0
1750417919,1,0,0,0,0,0,0,0,0,0,0,0,0
5946312169,1,0,0,0,0,0,0,0,0,0,0,0,0
3447892091,1,0,0,0,0,0,0,0,0,0,0,0,0
3637418135,1,0,0,0,0,0,0,0,0,0,0,0,0
4164881528,1,0,0,0,0,0,0,0,0,0,0,0,0
8963083061,1,0,0,0,0,0,0,0,0,0,0,0,0
2637488752,1,0,0,0,0,0,0,0,0,0,0,0,0
6790081127,1,0,0,0,0,0,0,0,0,0,0,0,0
4957970142,1,0,0,0,0,0,0,0,0,0,0,0,0
8620614788,1,0,0,0,0,0,0,0,0,0,0,0,0
6151888307,1,0,0,0,0,0,0,0,0,0,0,0,0
2622182321,1,0,0,0,0,0,0,0,0,0,0,0,0
3228707404,1,0,0,0,0,0,0,0,0,0,0,0,0
1893947217,1,0,0,0,0,0,0,0,0,0,0,0,0
2060585171,1,0,0,0,0,0,0,0,0,0,0,0,0
5300846168,1,0,0,0,0,0,0,0,0,0,0,0,0
8781779407,1,0,0,0,0,0,0,0,0,0,0,0,0
5573125812,1,0,0,0,0,0,0,0,0,0,0,0,0
5834278800,1,0,0,0,0,0,0,0,0,0,0,0,0
7365229884,1,0,0,0,0,0,0,0,0,0,0,0,0
3295527363,1,0,0,0,0,0,0,0,0,0,0,0,0
5637116294,1,0,0,0,0,0,0,0,0,0,0,0,0
5063246519,1,0,0,0,0,0,0,0,0,0,0,0,0
2116411094,1,0,0,0,0,0,0,0,0,0,0,0,0
7140593704,1,0,0,0,0,0,0,0,0,0,0,0,0
2377532125,1,0,0,0,0,0,0,0,0,0,0,0,0
7143229981,1,0,0,0,0,0,0,0,0,0,0,0,0
4187251041,1,0,0,0,0,0,0,0,0,0,0,0,0
2595763805,1,0,0,0,0,0,0,0,0,0,0,0,0
4931029927,1,0,0,0,0,0,0,0,0,0,0,0,0
3521001347,1,0,0,0,0,0,0,0,0,0,0,0,0
5618135536,1,0,0,0,0,0,0,0,0,0,0,0,0
4122498998,1,0,0,0,0,0,0,0,0,0,0,0,0
4476244339,1,0,0,0,0,0,0,0,0,0,0,0,0
4107623901,1,0,0,0,0,0,0,0,0,0,0,0,0
5565701348,1,0,0,0,0,0,0,0,0,0,0,0,0
8302031066,1,0,0,0,0,0,0,0,0,0,0,0,0
5336331801,1,0,0,0,0,0,0,0,0,0,0,0,0
4701697151,1,0,0,0,0,0,0,0,0,0,0,0,0
2702424442,1,0,0,0,0,0,0,0,0,0,0,0,0
4074467750,1,0,0,0,0,0,0,0,0,0,0,0,0
5440182593,1,0,0,0,0,0,0,0,0,0,0,0,0
4517155750,0,0,0,0,0,0,0,1,0,0,0,0,0
2031680256,0,0,0,0,0,0,0,1,0,0,0,0,0
2314943937,0,0,0,0,0,0,0,1,0,0,0,0,0
4022664639,0,0,0,0,0,0,0,1,0,0,0,0,0
2040352091,0,0,0,0,0,0,0,1,0,0,0,0,0
1477039977,0,0,0,0,0,0,0,1,0,0,0,0,0
7778251963,0,0,0,0,0,0,0,1,0,0,0,0,0
1760257379,0,0,0,0,0,0,0,1,0,0,0,0,0
4889541447,0,0,0,0,0,0,0,1,0,0,0,0,0
5012027616,0,0,0,0,0,0,0,1,0,0,0,0,0
6041528448,0,0,0,0,0,0,0,1,0,0,0,0,0
5021202188,0,0,0,0,0,0,0,1,0,0,0,0,0
4278930378,0,0,0,0,0,0,0,1,0,0,0,0,0
6858689601,0,0,0,0,0,0,0,1,0,0,0,0,0
4368718926,0,0,0,0,0,0,0,1,0,0,0,0,0
2515451693,0,0,0,0,0,0,0,1,0,0,0,0,0
1895032634,0,0,0,0,0,0,0,1,0,0,0,0,0
2610084943,0,0,0,0,0,0,0,1,0,0,0,0,0
1317706092,0,0,0,0,0,0,0,1,0,0,0,0,0
1417239782,0,0,0,0,0,0,0,1,0,0,0,0,0
7723175205,0,0,0,0,0,0,0,1,0,0,0,0,0
4003994074,0,0,0,0,0,0,0,1,0,0,0,0,0
2173000204,0,0,0,0,0,0,0,1,0,0,0,0,0
3277918813,0,0,0,0,0,0,0,1,0,0,0,0,0
5473182903,0,0,0,0,0,0,0,1,0,0,0,0,0
5037579651,0,0,0,0,0,0,0,1,0,0,0,0,0
5923765060,0,0,0,0,0,0,0,1,0,0,0,0,0
1163391846,0,0,0,0,0,0,0,1,0,0,0,0,0
8594026754,0,0,0,0,0,0,0,1,0,0,0,0,0
7959702722,0,0,0,0,0,0,0,1,0,0,0,0,0
4617732101,0,0,0,0,0,0,0,1,0,0,0,0,0
2009944825,0,0,0,0,0,0,0,1,0,0,0,0,0
4823822687,0,0,0,0,0,0,0,1,0,0,0,0,0
1689079831,0,0,0,0,0,0,0,1,0,0,0,0,0
4317133210,0,0,0,0,0,0,0,1,0,0,0,0,0
2011578148,0,0,0,0,0,0,0,1,0,0,0,0,0
4710482546,0,0,0,0,0,0,0,1,0,0,0,0,0
2761225084,0,0,0,0,0,0,0,1,0,0,0,0,0
3490748900,0,0,0,0,0,0,0,1,0,0,0,0,0
1730290852,0,0,0,0,0,0,0,1,0,0,0,0,0
8991088165,0,0,0,0,0,0,0,1,0,0,0,0,0
6584894085,0,0,0,0,0,0,0,1,0,0,0,0,0
7478824900,0,0,0,0,0,0,0,1,0,0,0,0,0
3254583555,0,0,0,0,0,0,0,1,0,0,0,0,0
3449882142,0,0,0,0,0,0,0,1,0,0,0,0,0
4690524485,0,0,0,0,0,0,0,1,0,0,0,0,0
7903264055,0,0,0,0,0,0,0,1,0,0,0,0,0
7790003547,0,0,0,0,0,0,0,1,0,0,0,0,0
1264451197,0,0,0,0,0,0,0,1,0,0,0,0,0
1971638878,0,0,0,0,0,0,0,1,0,0,0,0,0
8805450837,0,0,0,0,0,0,0,1,0,0,0,0,0
7912539018,0,0,0,0,0,0,0,1,0,0,0,0,0
5804535446,0,0,0,0,0,0,0,1,0,0,0,0,0
7158629069,0,0,0,0,0,0,0,1,0,0,0,0,0
1532658304,0,0,0,0,0,0,0,1,0,0,0,0,0
1080162079,0,0,0,0,0,0,0,1,0,0,0,0,0
7251431779,0,0,0,0,0,0,0,1,0,0,0,0,0
7873040988,0,0,0,0,0,0,0,1,0,0,0,0,0
7481814631,0,0,0,0,0,0,0,1,0,0,0,0,0
3470350698,0,0,0,0,0,0,0,1,0,0,0,0,0
1836280747,0,0,0,0,0,0,0,1,0,0,0,0,0
6623494473,0,0,0,0,0,0,0,1,0,0,0,0,0
4074198007,0,0,0,0,0,0,0,1,0,0,0,0,0
7638924837,0,0,0,0,0,0,0,1,0,0,0,0,0
3256335136,0,0,0,0,0,0,0,1,0,0,0,0,0
8597145370,0,0,0,0,0,0,0,1,0,0,0,0,0
5370431302,0,0,0,0,0,0,0,1,0,0,0,0,0
7428644977,0,0,0,0,0,0,0,1,0,0,0,0,0
5586414848,0,0,0,0,0,0,0,1,0,0,0,0,0
6514088388,0,0,0,0,0,0,0,1,0,0,0,0,0
8505897496,0,0,0,0,0,0,0,1,0,0,0,0,0
4146424031,0,0,0,0,0,0,0,1,0,0,0,0,0
4527670752,0,0,0,0,0,0,0,1,0,0,0,0,0
7874644288,0,0,0,0,0,0,0,1,0,0,0,0,0
7926467410,0,0,0,0,0,0,0,1,0,0,0,0,0
7568676145,0,0,0,0,0,0,0,1,0,0,0,0,0
6323907832,0,0,0,0,0,0,0,1,0,0,0,0,0
6716009573,0,0,0,0,0,0,0,1,0,0,0,0,0
7255814153,0,0,0,0,0,0,0,1,0,0,0,0,0
6880387353,0,0,0,0,0,0,0,1,0,0,0,0,0
